"","x"
"1",5163.677734375
"2",6978.87060546875
"3",2137.41015625
"4",3776.07568359375
"5",3738.046875
"6",19183.939453125
"7",5475.45556640625
"8",3138.4072265625
"9",2510.40380859375
"10",2668.42797851562
"11",2480.28515625
"12",3451.42260742188
"13",23154.103515625
"14",4819.35693359375
"15",4509.50439453125
"16",7247.7958984375
"17",5026.60888671875
"18",7780.0068359375
"19",19646.68359375
"20",17161.8125
"21",18985.234375
"22",2883.33520507812
"23",5393.509765625
"24",2527.34619140625
"25",17325.853515625
"26",11480.2919921875
"27",4279.13671875
"28",6913.27880859375
"29",8687.857421875
"30",10261.80859375
"31",3782.54760742188
"32",11854.8603515625
"33",10116.6962890625
"34",13707.626953125
"35",3673.09204101562
"36",2467.51416015625
"37",10845.615234375
"38",11080.4052734375
"39",4306.0634765625
"40",11896.619140625
"41",5625.9296875
"42",4523.4453125
"43",2486.51708984375
"44",9719.193359375
"45",2345.56982421875
"46",3201.81274414062
"47",7962.86962890625
"48",4181.63671875
"49",17772.36328125
"50",2993.638671875
"51",3715.78125
"52",15175.3701171875
"53",7010.62158203125
"54",6441.09521484375
"55",6340.4287109375
"56",5502.6787109375
"57",6235.52490234375
"58",4982.98193359375
"59",13017.927734375
"60",5066.10498046875
"61",10391.8828125
"62",10652.626953125
"63",4531.0869140625
"64",2938.20239257812
"65",12901.5615234375
"66",8185.36279296875
"67",7901.85595703125
"68",6739.2978515625
"69",5088.1025390625
"70",4826.32763671875
"71",10888.861328125
"72",6340.92822265625
"73",4806.7060546875
"74",4576.4052734375
"75",3896.94995117188
"76",5128.20361328125
"77",17678.068359375
"78",2340.70288085938
"79",8519.2216796875
"80",4649.2158203125
"81",8288.87890625
"82",4635.44970703125
"83",17121.046875
"84",1734.82019042969
"85",2293.419921875
"86",2904.52563476562
"87",13215.576171875
"88",10265.654296875
"89",4916.32470703125
"90",13472.47265625
"91",8163.4775390625
"92",11030.158203125
"93",5234.19140625
"94",2993.18017578125
"95",13636.4208984375
"96",4781.65478515625
"97",4496.318359375
"98",6197.3447265625
"99",3708.29663085938
"100",7083.34716796875
"101",3089.29028320312
"102",2694.19580078125
"103",5942.0869140625
"104",16963.10546875
"105",12084.6181640625
"106",4245.52978515625
"107",4472.9736328125
"108",13885.7958984375
"109",5890.05615234375
"110",2398.53857421875
"111",3768.44897460938
"112",5194.43896484375
"113",5257.64697265625
"114",4557.43408203125
"115",10494.3515625
"116",4195.068359375
"117",14318.359375
"118",4913.8046875
"119",4206.279296875
"120",9511.232421875
"121",4971.40966796875
"122",9864.5341796875
"123",3404.4052734375
"124",4747.6689453125
"125",10693.6025390625
"126",10448.0576171875
"127",14274.73828125
"128",2706.09692382812
"129",2699.63745117188
"130",7779.455078125
"131",4529.13671875
"132",12648.14453125
"133",2200.01953125
"134",2571.83374023438
"135",5257.5849609375
"136",4584.552734375
"137",5935.1953125
"138",3513.30493164062
"139",5471.93115234375
"140",11725.3759765625
"141",12902.9091796875
"142",6039.4013671875
"143",4874.56591796875
"144",11157.6396484375
"145",2806.57446289062
"146",10370.6796875
"147",3187.15112304688
"148",9620.2119140625
"149",1759.69982910156
"150",12017.78515625
"151",2521.04174804688
"152",10579.7099609375
"153",8170.34716796875
"154",4742.4765625
"155",5908.15478515625
"156",5356.2470703125
"157",10063.7080078125
"158",2451.00903320312
"159",6021.8857421875
"160",6321.93505859375
"161",12717.8740234375
"162",22995.15625
"163",7982.138671875
"164",5028.07470703125
"165",3220.94970703125
"166",8920.4921875
"167",2220.76416015625
"168",8717.0234375
"169",6411.3125
"170",2537.64453125
"171",4986.412109375
"172",8397.1083984375
"173",5192.81982421875
"174",6788.66552734375
"175",9028.2314453125
"176",2312.4404296875
"177",5408.84228515625
"178",3977.50219726562
"179",7854.78662109375
"180",4438.099609375
"181",8228.8876953125
"182",2910.28735351562
"183",11838.2197265625
"184",8314.275390625
"185",4726.70263671875
"186",5412.357421875
"187",5568.03369140625
"188",2337.61376953125
"189",6339.84521484375
"190",7256.3994140625
"191",24212.314453125
"192",3866.81665039062
"193",3028.24243164062
"194",8974.083984375
"195",9202.326171875
"196",5927.72021484375
"197",3383.53833007812
"198",5821.9521484375
"199",5054.10986328125
"200",2751.44140625
"201",9208.486328125
"202",4503.82080078125
"203",11750.9228515625
"204",7440.974609375
"205",2627.26831054688
"206",19618.806640625
"207",8963.6669921875
"208",16918.416015625
"209",5434.3876953125
"210",7072.61181640625
"211",8713.806640625
"212",8389.9931640625
"213",8124.3525390625
"214",2993.17626953125
"215",15148.5986328125
"216",10801.9345703125
"217",12301.5947265625
"218",7824.22216796875
"219",4114.67138671875
"220",5664.22412109375
"221",5313.28564453125
"222",13339.59375
"223",15104.822265625
"224",1933.17053222656
"225",5869.62548828125
"226",9575.59375
"227",2583.1142578125
"228",4354.1416015625
"229",12824.8017578125
"230",3104.66552734375
"231",3243.76977539062
"232",8495.0751953125
"233",5204.93505859375
"234",18838.76953125
"235",6659.3564453125
"236",4898.14990234375
"237",2597.40991210938
"238",5794.11767578125
"239",4804.5439453125
"240",3539.53076171875
"241",2218.46044921875
"242",17620.619140625
"243",7543.087890625
"244",4356.037109375
"245",16054.439453125
"246",5575.33740234375
"247",5265.4228515625
"248",5112.296875
"249",2273.89453125
"250",3565.96166992188
"251",9369.5
"252",4050.306640625
"253",2572.69677734375
"254",2732.08374023438
"255",2745.310546875
"256",17091.697265625
"257",3691.455078125
"258",16836.541015625
"259",13246.8046875
"260",11167.7021484375
"261",7022.4619140625
"262",5680.31396484375
"263",8654.580078125
"264",4765.89599609375
"265",8772.6142578125
"266",10102.548828125
"267",7642.24072265625
"268",5693.53515625
"269",5523.84912109375
"270",2581.35595703125
"271",4478.99560546875
"272",13422.8544921875
"273",12711.400390625
"274",4087.162109375
"275",2316.71875
"276",4669.552734375
"277",5710.7392578125
"278",12494.0966796875
"279",11113.40234375
"280",4342.73291015625
"281",4941.0439453125
"282",5558.47412109375
"283",6991.10009765625
"284",5899.29931640625
"285",11098.759765625
"286",9794.7109375
"287",6681.6875
"288",5372.01708984375
"289",17892.279296875
"290",11263.9921875
"291",6057.00439453125
"292",11980.7734375
"293",4222.9921875
"294",18408.353515625
"295",5029.353515625
"296",18114.015625
"297",3562.6572265625
"298",2566.44409179688
"299",2278.39965820312
"300",2489.005859375
"301",8536.7783203125
"302",17514.681640625
"303",4615.400390625
"304",9816.70703125
"305",3505.19262695312
"306",6738.3505859375
"307",2279.9453125
"308",6167.8515625
"309",8418.62109375
"310",3573.10327148438
"311",7955.74169921875
"312",14521.212890625
"313",4583.7578125
"314",3920.14379882812
"315",8621.369140625
"316",5196.94775390625
"317",6201.5283203125
"318",4943.0634765625
"319",17770.056640625
"320",2537.61206054688
"321",12957.251953125
"322",5849.65869140625
"323",4146.89697265625
"324",3093.25634765625
"325",3499.62182617188
"326",12691.29296875
"327",11269.376953125
"328",6708.01416015625
"329",2474.27172851562
"330",11848.677734375
"331",2775.86987304688
"332",7834.3095703125
"333",19853.939453125
"334",3880.71459960938
"335",6050.65283203125
"336",5481.9560546875
"337",2154.35083007812
"338",3738.43603515625
"339",9064.0947265625
"340",5348.916015625
"341",9850.4052734375
"342",2169.58618164062
"343",6075.40966796875
"344",2744.77758789062
"345",5356.244140625
"346",2599.97778320312
"347",6654.69970703125
"348",4762.63330078125
"349",8820.2509765625
"350",3428.32666015625
"351",12558.5146484375
"352",12894.0703125
"353",10339.0400390625
"354",10595.0703125
"355",9558.2275390625
"356",6119.04443359375
"357",12793.625
"358",8090.48095703125
"359",5697.4638671875
"360",8705.64453125
"361",9393.49609375
"362",6332.0859375
"363",3472.71923828125
"364",4930.01953125
"365",7001.77587890625
"366",4947.7177734375
"367",15837.1337890625
"368",3551.6787109375
"369",6220.8076171875
"370",6560.4560546875
"371",2301.5361328125
"372",9292.271484375
"373",4046.59106445312
"374",8287.6875
"375",6996.95849609375
"376",5476.3056640625
"377",4704.19677734375
"378",12417.8525390625
"379",15186.677734375
"380",10925.595703125
"381",6178.24609375
"382",1919.56750488281
"383",13716.7978515625
"384",19860.498046875
"385",11510.0986328125
"386",26130.2109375
"387",19285.48046875
"388",9454.328125
"389",4849.3125
"390",2992.11474609375
"391",2963.29565429688
"392",6374.28759765625
"393",2397.54125976562
"394",3353.38525390625
"395",1469.68103027344
"396",5351.3505859375
"397",9163.271484375
"398",9967.1533203125
"399",3577.6953125
"400",4119.5927734375
"401",5682.54638671875
"402",3729.27319335938
"403",5597.060546875
"404",5734.47314453125
"405",4592.85205078125
"406",4711.2001953125
"407",5251.16162109375
"408",10053.1962890625
"409",14026.86328125
"410",2722.3125
"411",5500.3330078125
"412",17954.435546875
"413",9597.4599609375
"414",13545.138671875
"415",3126.15795898438
"416",16500.134765625
"417",15198.9716796875
"418",16278.40234375
"419",12933.4287109375
"420",12170.0341796875
"421",5272.2548828125
"422",10207.6171875
"423",14551.5712890625
"424",4991.39892578125
"425",3773.8466796875
"426",3994.93334960938
"427",3178.84985351562
"428",6401.37109375
"429",4526.345703125
"430",9330.623046875
"431",5148.744140625
"432",10842.65625
"433",8368.1962890625
"434",2348.7080078125
"435",5564.212890625
"436",5895.0556640625
"437",14283.3642578125
"438",5651.25390625
"439",13986.2041015625
"440",14235.955078125
"441",18955.162109375
"442",13719.76953125
"443",5872.18505859375
"444",3119.66577148438
"445",2875.92919921875
"446",5034.43603515625
"447",11082.470703125
"448",5424.98974609375
"449",5003.73486328125
"450",10278.3544921875
"451",8923.0546875
"452",4265.01513671875
"453",3399.89892578125
"454",2871.93872070312
"455",13234.212890625
"456",2286.826171875
"457",2631.47094726562
"458",2487.31103515625
"459",9338.16015625
"460",7077.923828125
"461",10770.4736328125
"462",10301.5869140625
"463",15463.5166015625
"464",3258.94604492188
"465",4946.935546875
"466",5970.09765625
"467",5560.48291015625
"468",7326.24853515625
"469",4418.49267578125
"470",12506.58984375
"471",9015.3359375
"472",8446.6181640625
"473",3374.54833984375
"474",6697.46728515625
"475",24718.59765625
"476",12247.3798828125
"477",4182.90380859375
"478",8036.31298828125
"479",3411.76342773438
"480",4178.36181640625
"481",7393.61181640625
"482",4838.41015625
"483",2496.57934570312
"484",18479.10546875
"485",9947.654296875
"486",14914.2568359375
"487",4288.72705078125
"488",5113.71533203125
"489",12516.990234375
"490",3111.06640625
"491",8527.2314453125
"492",16816.66015625
"493",5801.767578125
"494",11479.2080078125
"495",4682.90087890625
"496",5408.189453125
"497",10415.314453125
"498",5040.5908203125
"499",6805.2744140625
"500",4779.12109375
"501",6241.505859375
"502",3627.4736328125
"503",4737.85546875
"504",14480.3193359375
"505",5471.5654296875
"506",4417.2021484375
"507",12561.498046875
"508",5068.0859375
"509",6297.2578125
"510",2839.15966796875
"511",6967.08544921875
"512",10941.623046875
"513",11244.845703125
"514",6931.26123046875
"515",7546.8046875
"516",15021.0654296875
"517",15319.6875
"518",7536.08935546875
"519",5949.16943359375
"520",5799.48828125
"521",9203.5771484375
"522",2289.01513671875
"523",2839.64208984375
"524",5722.72119140625
"525",16289.45703125
"526",2932.12426757812
"527",4432.447265625
"528",4335.4794921875
"529",6807.99609375
"530",6330.4296875
"531",5648.53662109375
"532",15538.3798828125
"533",14925.142578125
"534",5548.5185546875
"535",5627.94287109375
"536",2840.76635742188
"537",18685.62890625
"538",12937.6552734375
"539",4825.1201171875
"540",11587.0166015625
"541",2608.43823242188
"542",5064.6650390625
"543",12427.8896484375
"544",2949.26049804688
"545",4537.86572265625
"546",4523.53271484375
"547",9284.1640625
"548",3985.07177734375
"549",4952.9208984375
"550",5511.7763671875
"551",5554.35791015625
"552",13797.3046875
"553",15820.5830078125
"554",12414.1123046875
"555",5911.287109375
"556",5939.99609375
"557",12401.2568359375
"558",3875.455078125
"559",5096.82275390625
"560",8639.2509765625
"561",5393.39501953125
"562",6770.3232421875
"563",8655.28125
"564",17163.015625
"565",3222.61962890625
"566",8410.5830078125
"567",6344.4716796875
"568",25774.181640625
"569",2688.63256835938
"570",2244.67651367188
"571",4891.5546875
"572",2548.099609375
"573",9677.74609375
"574",15192.2841796875
"575",4875.7333984375
"576",11475.6474609375
"577",4475.98486328125
"578",4554.693359375
"579",3246.25024414062
"580",3962.91650390625
"581",4512.0966796875
"582",19218.380859375
"583",6759.5751953125
"584",4129.25390625
"585",2805.26416015625
"586",4856.7109375
"587",17307.607421875
"588",2594.47021484375
"589",2154.35180664062
"590",11036.28515625
"591",7826.158203125
"592",5003.73486328125
"593",6223.64697265625
"594",16760.2578125
"595",6044.09912109375
"596",4396.09033203125
"597",5174.0966796875
"598",10218.134765625
"599",3248.66333007812
"600",18504.31640625
"601",4564.42919921875
"602",22473.966796875
"603",11088.078125
"604",4515.6572265625
"605",5156.9189453125
"606",5776.3203125
"607",1986.431640625
"608",4540.16357421875
"609",17075.3203125
"610",6356.455078125
"611",3766.52807617188
"612",2774.01489257812
"613",9509.2080078125
"614",7902.8740234375
"615",2745.12475585938
"616",6979.7373046875
"617",14173.6435546875
"618",9634.4970703125
"619",12516.6123046875
"620",10436.171875
"621",6208.81884765625
"622",8341.048828125
"623",4081.02221679688
"624",15399.3544921875
"625",18399.376953125
"626",3854.33740234375
"627",11966.3671875
"628",5479.05615234375
"629",4280.52734375
"630",3168.96801757812
"631",4602.802734375
"632",13520.3349609375
"633",5226.435546875
"634",10571.57421875
"635",5849.8876953125
"636",2485.72192382812
"637",8513.96484375
"638",5171.7041015625
"639",18040.84765625
"640",2489.19848632812
"641",18227.81640625
"642",5855.8427734375
"643",4257.892578125
"644",13698.69140625
"645",2787.08227539062
"646",3010.15698242188
"647",1902.36608886719
"648",11114.6494140625
"649",6039.15771484375
"650",13485.107421875
"651",6111.2548828125
"652",17167.50390625
"653",11896.95703125
"654",3113.55346679688
"655",5792.58642578125
"656",5634.49658203125
"657",2795.50366210938
"658",5580.30029296875
"659",4795.72265625
"660",10147.908203125
"661",5807.5263671875
"662",17133.650390625
"663",3070.541015625
"664",6447.5517578125
"665",4916.56494140625
"666",2153.42358398438
"667",14342.3798828125
"668",3595.92822265625
"669",2631.6025390625
"670",9478.232421875
"671",4564.84326171875
"672",10587.615234375
"673",5134.4091796875
"674",14834.875
"675",6659.38037109375
"676",6549.298828125
"677",2870.86669921875
"678",5364.43994140625
"679",4327.61083984375
"680",18314.974609375
"681",2779.4345703125
"682",10768.7607421875
"683",2896.9951171875
"684",6932.4599609375
"685",15848.2314453125
"686",26192.76171875
"687",13835.201171875
"688",4536.1787109375
"689",7345.81884765625
"690",4400.02685546875
"691",3026.66088867188
"692",23750.63671875
"693",4266.658203125
"694",7958.44140625
"695",6070.94580078125
"696",5895.0625
"697",4230.388671875
"698",5171.564453125
"699",6739.4306640625
"700",7489.16015625
"701",11328.990234375
"702",1879.36120605469
"703",2901.892578125
"704",15291.91015625
"705",5539.45068359375
"706",8490.3134765625
"707",4263.2548828125
"708",5559.66943359375
"709",10102.9560546875
"710",10022.099609375
"711",2824.13842773438
"712",19197.39453125
"713",17305.95703125
"714",5591.4189453125
"715",6486.19970703125
"716",2975.93579101562
"717",2106.62573242188
"718",4265.9462890625
"719",3510.04052734375
"720",18150.419921875
"721",5584.87890625
"722",3201.44458007812
"723",2649.36181640625
"724",5084.5322265625
"725",13736.76171875
"726",5309.82666015625
"727",11493.6455078125
"728",11637
"729",4398.1513671875
"730",4781.9306640625
"731",11995.23828125
"732",17183.548828125
"733",16038.8125
"734",12596.1484375
"735",4615.9580078125
"736",25777.80078125
"737",8451.810546875
"738",3673.53881835938
"739",24998.587890625
"740",2323.279296875
"741",2796.44458007812
"742",11606.4951171875
"743",7613.79443359375
"744",5002.875
"745",6163.2138671875
"746",2005.33776855469
"747",17314.431640625
"748",4959.8154296875
"749",8963.47265625
"750",2486.13549804688
"751",7926.5751953125
"752",9100.8291015625
"753",5732.9765625
"754",14931.490234375
"755",2959.33154296875
"756",7702.765625
"757",2792.1689453125
"758",15881.02734375
"759",3194.93188476562
"760",8526.6025390625
"761",2792.3291015625
"762",11355.388671875
"763",4939.66748046875
"764",8829.4130859375
"765",2823.91796875
"766",5675.57470703125
"767",4318.66845703125
"768",2502.86059570312
"769",2384.59716796875
"770",10271.7236328125
"771",3320.54052734375
"772",2377.32373046875
"773",11611.279296875
"774",8100.142578125
"775",12058.9921875
"776",8880.259765625
"777",4023.6484375
"778",9290.0478515625
"779",5158.3046875
"780",4382.744140625
"781",5017.97119140625
"782",6151.01513671875
"783",4438.099609375
"784",5704.5439453125
"785",5256.90576171875
"786",3332.83251953125
"787",4651.22607421875
"788",6611.994140625
"789",6286.56103515625
"790",5298.25048828125
"791",1773.61999511719
"792",8512.6953125
"793",8108.19775390625
"794",4768.89013671875
"795",3348.75244140625
"796",6667.86181640625
"797",10464.2255859375
"798",5880.9560546875
"799",8782.5478515625
"800",20976.712890625
"801",8668.2314453125
"802",3958.96557617188
"803",4394.3623046875
"804",7013.42138671875
"805",4779.64697265625
"806",5330.412109375
"807",3939.18603515625
"808",5354.619140625
"809",5644.82421875
"810",4618.60205078125
"811",8396.279296875
"812",4426.171875
"813",6922
"814",10163.357421875
"815",15640.1181640625
"816",2621.05786132812
"817",3231.68212890625
"818",5073.39306640625
"819",19704.408203125
"820",4140.41552734375
"821",13592.025390625
"822",6158.642578125
"823",3227.96020507812
"824",2110.00659179688
"825",6078.5673828125
"826",2962.62573242188
"827",5097.6328125
"828",2689.35205078125
"829",2853.5185546875
"830",4565.9306640625
"831",4527.02783203125
"832",5041.2587890625
"833",6398.11669921875
"834",3660.05004882812
"835",8737.99609375
"836",7237.9091796875
"837",3015.48217773438
"838",7749.49365234375
"839",3052.55688476562
"840",11170.4794921875
"841",17278.87109375
"842",4189.34912109375
"843",8865.7470703125
"844",2235.85888671875
"845",8558.595703125
"846",14163.861328125
"847",2656.58959960938
"848",5621.453125
"849",5100.53466796875
"850",8682.5361328125
"851",8437.63671875
"852",2452.060546875
"853",14341.8115234375
"854",4638.93896484375
"855",6515.837890625
"856",17391.4609375
"857",2188.19702148438
"858",3628.37548828125
"859",23563.029296875
"860",4968.39697265625
"861",7167.44970703125
"862",4798.3056640625
"863",4599.16015625
"864",2322.13500976562
"865",6559.02587890625
"866",2053.76171875
"867",13024.1572265625
"868",10710.072265625
"869",8337.8076171875
"870",4483.44091796875
"871",4348.80517578125
"872",5278.9990234375
"873",2225.60571289062
"874",2817.474609375
"875",16494.193359375
"876",12497.208984375
"877",2506.00244140625
"878",10056.2265625
"879",15765.3818359375
"880",5141.353515625
"881",3127.68505859375
"882",9751.9609375
"883",3140.98779296875
"884",4869.1044921875
"885",2443.20092773438
"886",16965.947265625
"887",25389.203125
"888",2750.51025390625
"889",13197.6708984375
"890",10503.5107421875
"891",4507.32861328125
"892",4940.4599609375
"893",12363.8740234375
"894",15733.5341796875
"895",3599.13452148438
"896",5400.7744140625
"897",9840.833984375
"898",2379.6455078125
"899",12622.1533203125
"900",5078.30224609375
"901",5496.92919921875
"902",5127.01611328125
"903",18718.033203125
"904",2051.95336914062
"905",5284.26904296875
"906",5303.93408203125
"907",19089.64453125
"908",6698.23681640625
"909",8036.53662109375
"910",6077.85986328125
"911",5514.654296875
"912",14554.236328125
"913",13904.447265625
"914",11560.8310546875
"915",3260.62426757812
"916",6767.25830078125
"917",10717.0419921875
"918",3743.689453125
"919",5616.09130859375
"920",10513.8037109375
"921",4969.27392578125
"922",13532.939453125
"923",2656.31396484375
"924",3126.09912109375
"925",21182.06640625
"926",5162.3076171875
"927",19497.095703125
"928",16366.142578125
"929",24560.32421875
"930",2947.87353515625
"931",3358.2646484375
"932",14175.6572265625
"933",5482.20263671875
"934",8001.869140625
"935",2408.79541015625
"936",4551.2421875
"937",7419.04248046875
"938",7490.6787109375
"939",5372.94580078125
"940",7444.4267578125
"941",13098.19140625
"942",13240.779296875
"943",17220.94921875
"944",4611.54150390625
"945",18025.322265625
"946",13524.84765625
"947",10697.40625
"948",2390.96923828125
"949",3548.27954101562
"950",13598.3681640625
"951",12872.4384765625
"952",4973.87109375
"953",8126.63330078125
"954",5476.4072265625
"955",10758.7236328125
"956",5417.365234375
"957",6623.78564453125
"958",8079.43310546875
"959",7539.65380859375
"960",3650.47436523438
"961",8713.806640625
"962",5661.189453125
"963",11047.693359375
"964",15911.6171875
"965",5316.5654296875
"966",16814.998046875
"967",12644.4453125
"968",6954.25
"969",2537.52734375
"970",5009.8974609375
"971",2422.21240234375
"972",11174.0693359375
"973",6124.1767578125
"974",9657.3935546875
"975",10799.6357421875
"976",7534.826171875
"977",8422.8076171875
"978",4695.67236328125
"979",2683.9814453125
"980",4106.9580078125
"981",6794.62744140625
"982",4585.8974609375
"983",4544.58642578125
"984",5308.28076171875
"985",12802.5439453125
"986",3504.46142578125
"987",5818.560546875
"988",18664.5703125
"989",4730.4677734375
"990",4978.4697265625
"991",10540.9599609375
"992",4790.392578125
"993",2581.8388671875
"994",4876.5380859375
"995",5426.18017578125
"996",2633.16015625
"997",10145.9833984375
"998",14878.4365234375
"999",4396.09033203125
"1000",5736.44091796875
"1001",10338.1552734375
"1002",4684.8984375
"1003",6886.98828125
"1004",18775.1640625
"1005",7909.02783203125
"1006",4422.85986328125
"1007",12159.8154296875
"1008",14971.826171875
"1009",10346.8291015625
"1010",7082.62158203125
"1011",9129.5859375
"1012",7303.07080078125
"1013",10332.9794921875
"1014",6077.0625
"1015",6644.009765625
"1016",2958.40307617188
"1017",8447.1708984375
"1018",6393.73583984375
"1019",3618.26733398438
"1020",7662.57275390625
"1021",18204.53515625
"1022",13289.955078125
"1023",2886.14404296875
"1024",17121.046875
"1025",5476.16943359375
"1026",2816.7919921875
"1027",4474.24560546875
"1028",22828.935546875
"1029",2411.5810546875
"1030",5681.08740234375
"1031",5564.212890625
"1032",2225.98706054688
"1033",19664.5234375
"1034",13245.595703125
"1035",22481.46875
"1036",4528.4951171875
"1037",4778.92431640625
"1038",6000.552734375
"1039",3771.47265625
"1040",15151.8359375
"1041",2943.533203125
"1042",7205.244140625
"1043",16604.77734375
"1044",15864.6796875
"1045",8500.357421875
"1046",13451.46484375
"1047",8670.9853515625
"1048",2630.17211914062
"1049",11837.052734375
"1050",9540.890625
"1051",4922.6396484375
"1052",13985.404296875
"1053",6334.86474609375
"1054",3856.45190429688
"1055",4330.32861328125
"1056",19017.353515625
"1057",13257.546875
"1058",7314.74853515625
"1059",10556.103515625
"1060",17066.693359375
"1061",5988.88330078125
"1062",14001.8955078125
"1063",14457.2392578125
"1064",8634.603515625
"1065",9260.978515625
"1066",11752.2587890625
"1067",2806.9755859375
"1068",3948.8994140625
"1069",18584.3828125
"1070",9453.87109375
"1071",2388.39794921875
"1072",2855.03833007812
"1073",5657.779296875
"1074",16261.275390625
"1075",17084.4453125
"1076",6563.98095703125
"1077",3961.07080078125
"1078",17353.708984375
"1079",2398.07397460938
"1080",4853.11376953125
"1081",8444.939453125
"1082",8988.0341796875
"1083",11884.837890625
"1084",8197.4609375
"1085",2496.2421875
"1086",1992.73315429688
"1087",6727.611328125
"1088",2717.32592773438
"1089",4805.84765625
"1090",9758.4736328125
"1091",14093.279296875
"1092",17292.6796875
"1093",4713.3046875
"1094",10411.6953125
"1095",8232.8251953125
"1096",13098.728515625
"1097",9263.3525390625
"1098",11948.9453125
"1099",20188.748046875
"1100",4844.2236328125
"1101",2249.6826171875
"1102",8135.80712890625
"1103",2709.263671875
"1104",13234.0869140625
"1105",8820.2509765625
"1106",4249.54345703125
"1107",11770.03515625
"1108",4036.01904296875
"1109",9167.361328125
"1110",2136.03686523438
"1111",8787.92578125
"1112",5090.72607421875
"1113",2907.78344726562
"1114",6839.1630859375
"1115",22777.25390625
"1116",11214.2158203125
"1117",3929.57885742188
"1118",4846.607421875
"1119",8203.76171875
"1120",18147.294921875
"1121",2917.82250976562
"1122",14442.4248046875
"1123",4134.03173828125
"1124",7486.1083984375
"1125",9989.6455078125
"1126",4489.2333984375
"1127",7571.54150390625
"1128",2919.48803710938
"1129",3234.10546875
"1130",13338.638671875
"1131",13026.966796875
"1132",12478.5478515625
"1133",12973.744140625
"1134",5203.9287109375
"1135",2687.89965820312
"1136",5556.5927734375
"1137",4261.0791015625
"1138",6896.7685546875
"1139",9510.8515625
"1140",2175.35107421875
"1141",7263.13671875
"1142",10568.7080078125
"1143",10565.01171875
"1144",8839.068359375
"1145",2500.97680664062
"1146",11564.15234375
"1147",6372.31494140625
"1148",4263.2548828125
"1149",3946.43481445312
"1150",8049.43603515625
"1151",8952.1005859375
"1152",11306.9892578125
"1153",8416.2822265625
"1154",17623.390625
"1155",8543.119140625
"1156",5422.62060546875
"1157",21031.474609375
"1158",16692.91015625
"1159",10131.5263671875
"1160",5021.08935546875
"1161",10076.4677734375
"1162",3964.52368164062
"1163",11342.55859375
"1164",3294.82421875
"1165",4713.81103515625
"1166",3515.96850585938
"1167",4536.7890625
"1168",10661.384765625
"1169",3064.52026367188
"1170",4651.48779296875
"1171",6309.4951171875
"1172",13885.966796875
"1173",5794.11767578125
"1174",6069.18896484375
"1175",21015.123046875
"1176",9232.2666015625
"1177",2733.69311523438
"1178",20089.177734375
"1179",4924.29541015625
"1180",2452.08081054688
"1181",11718.7275390625
"1182",5923.5234375
"1183",4806.32861328125
"1184",14564.611328125
"1185",7054.66015625
"1186",6111.8857421875
"1187",15925.7998046875
"1188",6865.58544921875
"1189",5580.50390625
"1190",8684.8388671875
"1191",5092.32080078125
"1192",4131.22509765625
"1193",7377.06005859375
"1194",2335.63623046875
"1195",5426.58740234375
"1196",3896.53369140625
"1197",17989.9140625
"1198",8944.78125
"1199",19720.16015625
"1200",3587.44482421875
"1201",3091.83056640625
"1202",16377.576171875
"1203",3924.53955078125
"1204",10124.29296875
"1205",2458.39233398438
"1206",3189.93432617188
"1207",26699.791015625
"1208",4150.865234375
"1209",2511.59741210938
"1210",4907.80078125
"1211",5358.865234375
"1212",3273.24340820312
"1213",4237.6787109375
"1214",6097.2294921875
"1215",9088.6591796875
"1216",7859.96484375
"1217",4580.38818359375
"1218",2308.49633789062
"1219",2423.64916992188
"1220",2395.74877929688
"1221",11604.1044921875
"1222",8336.0087890625
"1223",3700.67749023438
"1224",5525.76220703125
"1225",2449.13842773438
"1226",2594.18237304688
"1227",12869.759765625
"1228",7031.50341796875
"1229",5077.35107421875
"1230",13532.939453125
"1231",5630.0537109375
"1232",3013.04174804688
"1233",8589.4140625
"1234",4842.35009765625
"1235",9777.830078125
"1236",3189.2099609375
"1237",5560.13134765625
"1238",5328.92822265625
"1239",3561.830078125
"1240",12173.90625
"1241",2404.31127929688
"1242",16483.482421875
"1243",4640.9267578125
"1244",2168.04760742188
"1245",9202.7607421875
"1246",6858.931640625
"1247",7266.26708984375
"1248",2680.537109375
"1249",5651.25390625
"1250",15160.708984375
"1251",4561.7724609375
"1252",6995.0947265625
"1253",5090.18798828125
"1254",4342.73291015625
"1255",20424.5390625
"1256",10160.9453125
"1257",10955.2333984375
"1258",5952.44775390625
"1259",3640.11474609375
"1260",2558.13134765625
"1261",8335.30078125
"1262",5525.8046875
"1263",14472.7685546875
"1264",15282.69140625
"1265",8309.8017578125
"1266",16238.4521484375
"1267",10019.455078125
"1268",14820.8984375
"1269",7664.8125
"1270",5484.78076171875
"1271",4865.265625
"1272",8393.6767578125
"1273",2753.7314453125
"1274",5448.37060546875
"1275",5066.00927734375
"1276",17372.326171875
"1277",4468.123046875
"1278",3153.51806640625
"1279",13360.8212890625
"1280",25212.900390625
"1281",10110.861328125
"1282",6777.29736328125
"1283",1983.38916015625
"1284",5484.45263671875
"1285",11633.162109375
"1286",13673.1025390625
"1287",11881.7578125
"1288",11031.0810546875
"1289",7331.177734375
"1290",13956.041015625
"1291",13510.404296875
"1292",3489.58911132812
"1293",6578.095703125
"1294",6881.544921875
"1295",8758.5166015625
"1296",15442.3876953125
"1297",6136.2314453125
"1298",4037.0712890625
"1299",7758.79443359375
"1300",6075.427734375
"1301",11968.9541015625
"1302",21079.767578125
"1303",7966.51708984375
"1304",9278.8984375
"1305",9809.6728515625
"1306",4544.90283203125
"1307",13539.232421875
"1308",2577.24633789062
"1309",12200.2724609375
"1310",2883.43017578125
"1311",4980.54248046875
"1312",4766.84130859375
"1313",9622.8525390625
"1314",5041.86865234375
"1315",10645.634765625
"1316",2482.82275390625
"1317",6368.70703125
"1318",10606.1513671875
"1319",3230.10693359375
"1320",4974.11962890625
"1321",2498.97631835938
"1322",7953.4423828125
"1323",4656.36328125
"1324",6877.5146484375
"1325",25220.091796875
"1326",14889.5283203125
"1327",7021.8505859375
"1328",2408.41088867188
"1329",5344.08984375
"1330",4784.21337890625
"1331",2744.10205078125
"1332",18981.2734375
"1333",7778.5517578125
"1334",5034.9130859375
"1335",18160.55859375
"1336",18131.71484375
"1337",12698.3173828125
"1338",4427.89501953125
"1339",7675.7353515625
"1340",16957.19921875
"1341",7716.98974609375
"1342",1972.13818359375
"1343",4101.7060546875
"1344",10803.5380859375
"1345",5765.84716796875
"1346",5838.8173828125
"1347",2164.1884765625
"1348",7040.47265625
"1349",2899.34619140625
"1350",10151.193359375
"1351",5231.447265625
"1352",4282.72021484375
"1353",5736.322265625
"1354",3746.40698242188
"1355",3445.15673828125
"1356",11804.291015625
"1357",13412.9150390625
"1358",4721.61669921875
"1359",10884.9541015625
"1360",5058.25341796875
"1361",3069.62841796875
"1362",11658.7626953125
"1363",8217.9609375
"1364",2665.86791992188
"1365",2873.73046875
"1366",14441.2060546875
"1367",8630.7587890625
"1368",3441.87255859375
"1369",12843.158203125
"1370",7631.15673828125
"1371",9479.3330078125
"1372",5875.07470703125
"1373",8892.37890625
"1374",8439.052734375
"1375",4997.87109375
"1376",5649.87255859375
"1377",3533.89379882812
"1378",6168.97265625
"1379",10724.6328125
"1380",8827.44140625
"1381",2457.74877929688
"1382",20271.509765625
"1383",4812.26220703125
"1384",5975.58935546875
"1385",4865.6181640625
"1386",3523.3525390625
"1387",3001.67114257812
"1388",3597.861328125
"1389",3424.04370117188
"1390",4345.99609375
"1391",22777.3046875
"1392",11600.34765625
"1393",13050.9775390625
"1394",22559.037109375
"1395",7493.83154296875
"1396",13765.3046875
"1397",11859.080078125
"1398",3396.92260742188
"1399",6426.4365234375
"1400",2385.80981445312
"1401",3066.25317382812
"1402",2474.033203125
"1403",3479.9541015625
"1404",2705.83544921875
"1405",9736.4140625
"1406",6204.6044921875
"1407",9018.6982421875
"1408",12651.484375
"1409",5844.6552734375
"1410",11574.505859375
"1411",4466.07275390625
"1412",7557.97021484375
"1413",5158.603515625
"1414",3649.748046875
"1415",7111.3984375
"1416",4772.56005859375
"1417",5524.5556640625
"1418",10908.259765625
"1419",10916.177734375
"1420",5220.01416015625
"1421",2601.02172851562
"1422",15973.0224609375
"1423",4692.13916015625
"1424",11336.43359375
"1425",3566.20947265625
"1426",4307.62109375
"1427",1931.04431152344
"1428",4648.80859375
"1429",4416.4970703125
"1430",13066.25
"1431",11428.02734375
"1432",19260.720703125
"1433",5672.2958984375
"1434",3595.67236328125
"1435",2474.04541015625
"1436",16865.73828125
"1437",2687.11743164062
"1438",9136.162109375
"1439",3431.50659179688
"1440",4988.3974609375
"1441",2460.13354492188
"1442",8437.9306640625
"1443",2709.48852539062
"1444",2575.4267578125
"1445",14724.2177734375
"1446",2413.1748046875
"1447",5129.03662109375
"1448",8666.1865234375
"1449",19717.439453125
"1450",2732.26782226562
"1451",10641.2783203125
"1452",11176.8486328125
"1453",11405.390625
"1454",5008.73828125
"1455",6220.79736328125
"1456",4329.3017578125
"1457",13249.4521484375
"1458",18954.185546875
"1459",7124.50537109375
"1460",16842.451171875
"1461",11630.4306640625
"1462",3695.80786132812
"1463",11785.1572265625
"1464",13146.384765625
"1465",11764.525390625
"1466",2238.69653320312
"1467",9211.5634765625
"1468",9144.8798828125
"1469",7482.3759765625
"1470",4892.97607421875
"1471",10337.068359375
"1472",5657.18310546875
"1473",4053.78369140625
"1474",4378.80908203125
"1475",16685.408203125
"1476",5228.091796875
"1477",7409.822265625
"1478",5130.2333984375
"1479",2452.48022460938
"1480",9370.958984375
"1481",4664.93701171875
"1482",5339.63818359375
"1483",3654.48706054688
"1484",5857.13671875
"1485",4971.5166015625
"1486",8273.8876953125
"1487",5400.8310546875
"1488",5050.99609375
"1489",8354.84375
"1490",2542.22265625
"1491",7175.31201171875
"1492",4553.18359375
"1493",15693.95703125
"1494",13721.0234375
"1495",20867.966796875
"1496",10953.3505859375
"1497",3335.52709960938
"1498",2990.56762695312
"1499",2324.33911132812
"1500",3119.90502929688
"1501",11404.5078125
"1502",11681.3291015625
"1503",6802.99951171875
"1504",14361.564453125
"1505",16065.53125
"1506",6272.52685546875
"1507",14282.87109375
"1508",13775.1474609375
"1509",9296.177734375
"1510",10589.4208984375
"1511",13531.5859375
"1512",2934.783203125
"1513",4449.1181640625
"1514",20760.58984375
"1515",5308.36376953125
"1516",10894.150390625
"1517",2975.19018554688
"1518",5358.70947265625
"1519",12285.728515625
"1520",4687.8056640625
"1521",2702.81689453125
"1522",15759.2880859375
"1523",6254.60546875
"1524",12352.6630859375
"1525",3165.486328125
"1526",4346.30224609375
"1527",4903.92431640625
"1528",7290.0009765625
"1529",8493.908203125
"1530",19292.3828125
"1531",10051.310546875
"1532",2090.26245117188
"1533",6770.05859375
"1534",22871.41015625
"1535",7334.83447265625
"1536",4886.6083984375
"1537",4832.8515625
"1538",22385.421875
"1539",7219.0419921875
"1540",2585.83862304688
"1541",11914.56640625
"1542",11831.9716796875
"1543",3465.17431640625
"1544",6800.14697265625
"1545",3155.5068359375
"1546",14493.6611328125
"1547",4069.31201171875
"1548",5138.015625
"1549",4203.29736328125
"1550",4481.48486328125
"1551",5688.41552734375
"1552",16229.69921875
"1553",14011.3876953125
"1554",5170.236328125
"1555",9077.3984375
"1556",14939.6669921875
"1557",3525.13305664062
"1558",7770.90185546875
"1559",11084.44921875
"1560",2766.8193359375
"1561",3703.43969726562
"1562",14730.255859375
"1563",18359.421875
"1564",2788.93823242188
"1565",12518.8193359375
"1566",6982.0576171875
"1567",2247.61450195312
"1568",6417.47216796875
"1569",5794.11767578125
"1570",4384.083984375
"1571",4670.2919921875
"1572",11487.3037109375
"1573",15693.95703125
"1574",18456.826171875
"1575",2668.36352539062
"1576",5173.52197265625
"1577",15629.865234375
"1578",8976.3642578125
"1579",10507.1455078125
"1580",13413.88671875
"1581",9127.517578125
"1582",3956.26538085938
"1583",4798.2001953125
"1584",12590.4130859375
"1585",12705.0361328125
"1586",5196.93212890625
"1587",8557.2841796875
"1588",7504.20361328125
"1589",13000.4541015625
"1590",2641.74243164062
"1591",5696.85302734375
"1592",7323.51904296875
"1593",5209.15673828125
"1594",5048.17138671875
"1595",10877.400390625
"1596",3987.92065429688
"1597",17096.61328125
"1598",15629.9775390625
"1599",11185.9541015625
"1600",10290.4189453125
"1601",17263.103515625
"1602",14807.4404296875
"1603",12303.529296875
"1604",5609.04931640625
"1605",3908.021484375
"1606",10233.8994140625
"1607",5261.64453125
"1608",11850.3837890625
"1609",6752.76318359375
"1610",17791.9765625
"1611",3759.04052734375
"1612",9476.0693359375
"1613",7619.32177734375
"1614",2731.50610351562
"1615",11723.841796875
"1616",5987.25537109375
"1617",3811.60107421875
"1618",10720.6171875
"1619",8768.1708984375
"1620",19193.66015625
"1621",4020.92846679688
"1622",1885.85559082031
"1623",4273.37060546875
"1624",2400.88696289062
"1625",6323.84033203125
"1626",4134.73193359375
"1627",9416.740234375
"1628",13789.08984375
"1629",8014.11474609375
"1630",2492.50659179688
"1631",16385.15625
"1632",2811.4970703125
"1633",19311.64453125
"1634",7707.9111328125
"1635",8781.392578125
"1636",2039.20495605469
"1637",12604.1787109375
"1638",7603.0546875
"1639",10261.3681640625
"1640",6260.16796875
"1641",17032.31640625
"1642",3378.81982421875
"1643",12575.7841796875
"1644",4678.12548828125
"1645",10610.3876953125
"1646",8424.3154296875
"1647",5280.234375
"1648",18352.69140625
"1649",4720.50634765625
"1650",7874.31787109375
"1651",12213.4462890625
"1652",7606.6484375
"1653",4256.6416015625
"1654",5444.16064453125
"1655",6170.494140625
"1656",5314.51416015625
"1657",5651.25390625
"1658",8956.05078125
"1659",13575.0263671875
"1660",20641.677734375
"1661",14109.44140625
"1662",16682.921875
"1663",1967.96606445312
"1664",3702.46997070312
"1665",2175.86791992188
"1666",4899.2216796875
"1667",4616.70703125
"1668",15533.8740234375
"1669",5189.02099609375
"1670",6686.3740234375
"1671",9862.1669921875
"1672",2411.40454101562
"1673",15232.771484375
"1674",13730.1015625
"1675",8677.4521484375
"1676",3191.10034179688
"1677",17497.2890625
"1678",9186.3759765625
"1679",4896.263671875
"1680",2696.81225585938
"1681",8411.1142578125
"1682",8045.9658203125
"1683",5378.12841796875
"1684",3790.84814453125
"1685",6486.9541015625
"1686",5052.86669921875
"1687",2255.36547851562
"1688",3189.8154296875
"1689",19166.513671875
"1690",16942.919921875
"1691",2430.34790039062
"1692",9015.7568359375
"1693",4965.24609375
"1694",7120.72265625
"1695",3940.16577148438
"1696",5238.556640625
"1697",4935.1142578125
"1698",2601.560546875
"1699",6091.38671875
"1700",8039.2392578125
"1701",5056.9462890625
"1702",5419.07861328125
"1703",12012.9404296875
"1704",10707.6396484375
"1705",6005.615234375
"1706",23029.47265625
"1707",2798.80249023438
"1708",11002.177734375
"1709",7335.19970703125
"1710",14234.427734375
"1711",2650.4814453125
"1712",4684.712890625
"1713",4165.7607421875
"1714",5209.248046875
"1715",15000.9658203125
"1716",5717.12060546875
"1717",6686.32080078125
"1718",5443.83740234375
"1719",16528.73046875
"1720",11396.0791015625
"1721",10910.4521484375
"1722",5139.97998046875
"1723",8321.052734375
"1724",2140.28100585938
"1725",5843.10498046875
"1726",8412.9052734375
"1727",7697.82421875
"1728",8356.1044921875
"1729",9511.810546875
"1730",17102.046875
"1731",6754.32666015625
"1732",6007.5322265625
"1733",3712.89624023438
"1734",2074.3720703125
"1735",9177.3232421875
"1736",10712.71484375
"1737",17548.375
"1738",5696.5078125
"1739",6105.00341796875
"1740",10177.3115234375
"1741",11808.9140625
"1742",4757.19091796875
"1743",8685.3974609375
"1744",2919.51977539062
"1745",2878.56787109375
"1746",12952.6484375
"1747",3983.19946289062
"1748",18765.255859375
"1749",3977.05639648438
"1750",16093.4814453125
"1751",3369.78247070312
"1752",5316.52099609375
"1753",15946.1142578125
"1754",4154.91455078125
"1755",10639.9208984375
"1756",9717.8330078125
"1757",4984.1181640625
"1758",7969.232421875
"1759",2936.69287109375
"1760",3694.33862304688
"1761",7052.00927734375
"1762",11187.1748046875
"1763",5216.8125
"1764",11405.390625
"1765",5473.2412109375
"1766",8179.1279296875
"1767",3702.30419921875
"1768",12717.8740234375
"1769",3495.26147460938
"1770",5206.6533203125
"1771",10120.65625
"1772",5020.0341796875
"1773",18265.35546875
"1774",6377.822265625
"1775",5277.33544921875
"1776",9318.21484375
"1777",5971.43408203125
"1778",2460.11059570312
"1779",3948.0498046875
"1780",5954.04736328125
"1781",5724.69970703125
"1782",4460.59521484375
"1783",2103.93603515625
"1784",3811.90283203125
"1785",4179.46875
"1786",2480.154296875
"1787",2972.572265625
"1788",8731.431640625
"1789",3026.66088867188
"1790",5399.54248046875
"1791",5150.90234375
"1792",2483.97485351562
"1793",2527.7841796875
"1794",16996.29296875
"1795",6413.97900390625
"1796",6586.51904296875
"1797",4602.10302734375
"1798",8353.9228515625
"1799",8961.3662109375
"1800",2467.65942382812
"1801",11358.76953125
"1802",2651.69091796875
"1803",3218.916015625
"1804",5370.27685546875
"1805",3548.55200195312
"1806",17470.552734375
"1807",1953.11474609375
"1808",10641.1455078125
"1809",5691.29736328125
"1810",2686.51147460938
"1811",11034.1298828125
"1812",12019.580078125
"1813",5147.4248046875
"1814",8336.8759765625
"1815",2627.48803710938
"1816",8279.4365234375
"1817",2750.24658203125
"1818",2275.25024414062
"1819",2327.4814453125
"1820",5251.26513671875
"1821",5040.91015625
"1822",3117.55078125
"1823",7175.29833984375
"1824",10777.541015625
"1825",16141.10546875
"1826",7982.138671875
"1827",10961.5927734375
"1828",2686.30810546875
"1829",2880.29370117188
"1830",23138.904296875
"1831",7719.39208984375
"1832",5268.9033203125
"1833",6764.5419921875
"1834",2047.05249023438
"1835",12340.5654296875
"1836",5317.54638671875
"1837",2201.97802734375
"1838",9217.1640625
"1839",6137.85693359375
"1840",1782.9228515625
"1841",3508.67114257812
"1842",7966.38818359375
"1843",2389.41064453125
"1844",3815.23657226562
"1845",6119.74658203125
"1846",10786.0517578125
"1847",8257.7197265625
"1848",4305.998046875
"1849",7342.63330078125
"1850",8683.1201171875
"1851",3247.34155273438
"1852",2728.30834960938
"1853",18339.76171875
"1854",8652.130859375
"1855",4346.30224609375
"1856",16167.474609375
"1857",6758.53173828125
"1858",14366.1279296875
"1859",9115.9140625
"1860",9029.216796875
"1861",4495.638671875
"1862",9409.90625
"1863",3168.27807617188
"1864",16041.5341796875
"1865",6086.345703125
"1866",16589.65625
"1867",2497.34936523438
"1868",7837.3369140625
"1869",5277.21044921875
"1870",11516.8818359375
"1871",11015.65625
"1872",3537.96069335938
"1873",11983.08984375
"1874",4067.85864257812
"1875",6510.416015625
"1876",18192.48046875
"1877",12383.7294921875
"1878",2798.14501953125
"1879",4006.62036132812
"1880",7987.2138671875
"1881",17815.923828125
"1882",12102.89453125
"1883",9444.6298828125
"1884",3285.84985351562
"1885",8946.4970703125
"1886",9440.03125
"1887",18963.984375
"1888",9024.828125
"1889",3262.00756835938
"1890",13232.1689453125
"1891",8589.3251953125
"1892",11828.9599609375
"1893",6303.04345703125
"1894",2448.21435546875
"1895",22610.990234375
"1896",10685.1748046875
"1897",2484.22827148438
"1898",2977.1083984375
"1899",4659.71484375
"1900",3682.96899414062
"1901",17120.7421875
"1902",3021.53051757812
"1903",1918.2587890625
"1904",7788.08056640625
"1905",7601.78369140625
"1906",7349.53564453125
"1907",5195.11376953125
"1908",5756.41845703125
"1909",3753.53637695312
"1910",7957.66748046875
"1911",4651.88427734375
"1912",2231.3828125
"1913",5382.97509765625
"1914",8970.474609375
"1915",11711.9326171875
"1916",2562.06225585938
"1917",4314.1572265625
"1918",4408.38623046875
"1919",4922.71923828125
"1920",8590.7412109375
"1921",14404.5419921875
"1922",5259.36376953125
"1923",5830.85693359375
"1924",14637.9208984375
"1925",5277.68603515625
"1926",2984.720703125
"1927",11146.4169921875
"1928",12594.9345703125
"1929",14214.5654296875
"1930",3663.95678710938
"1931",3158.72387695312
"1932",10320.07421875
"1933",4886.7666015625
"1934",1846.75708007812
"1935",9513.5
"1936",11193.96484375
"1937",6951.03759765625
"1938",4339.3662109375
"1939",5661.20556640625
"1940",6591.22607421875
"1941",2402.28393554688
"1942",4394.54833984375
"1943",13551.689453125
"1944",4490.71728515625
"1945",12393.3427734375
"1946",6204.6044921875
"1947",8281.7900390625
"1948",5195.20751953125
"1949",3551.44995117188
"1950",6478.49755859375
"1951",4679.8564453125
"1952",17930.3046875
"1953",24355.666015625
"1954",2491.875
"1955",8917.9873046875
"1956",4125.126953125
"1957",5723.21142578125
"1958",5493.90234375
"1959",17564.884765625
"1960",5307.16943359375
"1961",10084.9873046875
"1962",5302.5517578125
"1963",4663.40966796875
"1964",3159.85302734375
"1965",24222.390625
"1966",2230.6669921875
"1967",3650.52661132812
"1968",2790.67041015625
"1969",5206.2158203125
"1970",5060.11083984375
"1971",3875.57299804688
"1972",4876.2109375
"1973",11368.4287109375
"1974",3347.9013671875
"1975",10322.017578125
"1976",9981.9111328125
"1977",10399.8515625
"1978",2920.48706054688
"1979",8771.01953125
"1980",3216.29858398438
"1981",5384.3017578125
"1982",5089.85400390625
"1983",15169.25390625
"1984",6193.60205078125
"1985",6493.02587890625
"1986",6423.89453125
"1987",5427.46044921875
"1988",21357.34765625
"1989",15870.9697265625
"1990",3260.63208007812
"1991",5816.58984375
"1992",4651.48779296875
"1993",13701.169921875
"1994",5405.3759765625
"1995",6812.15087890625
"1996",2243.75463867188
"1997",2522.58715820312
"1998",5075.37353515625
"1999",6080.6591796875
"2000",17859.7578125
"2001",9722.93359375
"2002",8668.9609375
"2003",9056.7568359375
"2004",10281.787109375
"2005",14962.4052734375
"2006",18023.578125
"2007",9017.091796875
"2008",3208.35375976562
"2009",3243.7265625
"2010",11099.189453125
"2011",6020.25390625
"2012",10505.9580078125
"2013",3090.6552734375
"2014",18383.826171875
"2015",11076.3251953125
"2016",3886.2197265625
"2017",4626.970703125
"2018",3463.37133789062
"2019",13856.5185546875
"2020",10023.3544921875
"2021",6766.22802734375
"2022",5076.4970703125
"2023",5540.2216796875
"2024",3449.98608398438
"2025",1906.98889160156
"2026",4562.69384765625
"2027",15525.5361328125
"2028",15750.04296875
"2029",6560.990234375
"2030",5869.62548828125
"2031",2785.12646484375
"2032",4868.47998046875
"2033",6853.68798828125
"2034",5282.03173828125
"2035",5710.3701171875
"2036",5683.23486328125
"2037",5309.82666015625
"2038",4539.7216796875
"2039",9179.9775390625
"2040",5379.15673828125
"2041",5807.9677734375
"2042",2817.97680664062
"2043",2790.56909179688
"2044",13459.173828125
"2045",10079.2080078125
"2046",2814.74438476562
"2047",18075.568359375
"2048",2399.9482421875
"2049",4761.16650390625
"2050",2704.17358398438
"2051",2523.0615234375
"2052",4898.958984375
"2053",3220.31640625
"2054",16576.59375
"2055",15450.611328125
"2056",2586.92602539062
"2057",12159.2041015625
"2058",4183.9599609375
"2059",19466.259765625
"2060",3204.4404296875
"2061",6183.9755859375
"2062",7479.54833984375
"2063",5776.67236328125
"2064",12767.8271484375
"2065",16756.46484375
"2066",11606.19921875
"2067",7656.34423828125
"2068",7437.33984375
"2069",19785.427734375
"2070",8040.14892578125
"2071",6351.05859375
"2072",8199.7919921875
"2073",5794.064453125
"2074",4240.703125
"2075",8510.4111328125
"2076",2344.35791015625
"2077",4619.09814453125
"2078",2518.00537109375
"2079",2656.95434570312
"2080",5289.1240234375
"2081",11216.556640625
"2082",4282.20556640625
"2083",2320.38110351562
"2084",7116.51904296875
"2085",6550.400390625
"2086",2641.26611328125
"2087",9295.2763671875
"2088",8461.408203125
"2089",5949.91015625
"2090",4766.4521484375
"2091",13575.2353515625
"2092",7118.328125
"2093",17591.7734375
"2094",4495.2080078125
"2095",14630.533203125
"2096",8834.1162109375
"2097",2507.27197265625
"2098",3292.61181640625
"2099",13532.939453125
"2100",7252.6240234375
"2101",8877.0107421875
"2102",2700.52197265625
"2103",9191.31640625
"2104",7296.5927734375
"2105",5708.06298828125
"2106",4604.00390625
"2107",3534.931640625
"2108",8145.34619140625
"2109",11107.79296875
"2110",3725.72875976562
"2111",3264.32739257812
"2112",19609.2578125
"2113",4641.97412109375
"2114",9331.9970703125
"2115",10888.1513671875
"2116",2350.08227539062
"2117",7785.47900390625
"2118",13431.7900390625
"2119",8301.6103515625
"2120",2339.9248046875
"2121",5847.68310546875
"2122",15978.263671875
"2123",10358.076171875
"2124",5041.36279296875
"2125",16156.798828125
"2126",12232.482421875
"2127",3112.50463867188
"2128",6058.70263671875
"2129",2485.72192382812
"2130",16277.5244140625
"2131",16512.4921875
"2132",6645.3408203125
"2133",8837.076171875
"2134",2564.072265625
"2135",4859.40234375
"2136",3227.66040039062
"2137",2800.72827148438
"2138",15899.17578125
"2139",4814.09912109375
"2140",4247.234375
"2141",7146.58154296875
"2142",4682.048828125
"2143",11141.033203125
"2144",10676.4990234375
"2145",6609.23681640625
"2146",16294.2265625
"2147",18777.6328125
"2148",5970.7734375
"2149",3810.13134765625
"2150",6235.52490234375
"2151",4896.54736328125
"2152",2578.3662109375
"2153",3598.4619140625
"2154",15559.4013671875
"2155",1864.54870605469
"2156",9349.490234375
"2157",8999.248046875
"2158",8777.478515625
"2159",2962.16259765625
"2160",2753.12060546875
"2161",12960.380859375
"2162",3252.8525390625
"2163",21435.666015625
"2164",6049.78369140625
"2165",2842.46337890625
"2166",3373.75341796875
"2167",5264.10888671875
"2168",11596.8642578125
"2169",11414.935546875
"2170",3243.32275390625
"2171",19566.208984375
"2172",6767.939453125
"2173",19316.33984375
"2174",6830.646484375
"2175",2048.70190429688
"2176",2895.26879882812
"2177",10645.634765625
"2178",2263.04150390625
"2179",17052.646484375
"2180",8950.0126953125
"2181",4861.8271484375
"2182",6140.0732421875
"2183",6380.47998046875
"2184",10707.4931640625
"2185",4824.01025390625
"2186",4374.6025390625
"2187",3056.20654296875
"2188",3367.75756835938
"2189",5114.7919921875
"2190",24003.794921875
"2191",6020.6103515625
"2192",13005.693359375
"2193",14955.0400390625
"2194",7747.31884765625
"2195",11609.6923828125
"2196",15985.130859375
"2197",5651.712890625
"2198",2512.546875
"2199",7052.001953125
"2200",16313.0439453125
"2201",4720.43505859375
"2202",16885.1015625
"2203",6934.375
"2204",15426.015625
"2205",2420.67065429688
"2206",7124.24951171875
"2207",12348.7841796875
"2208",6161.1474609375
"2209",2965.4599609375
"2210",2749.62841796875
"2211",4939.5947265625
"2212",4952.4365234375
"2213",6648.91455078125
"2214",8691.32421875
"2215",6241.4267578125
"2216",3471.95947265625
"2217",7013.484375
"2218",11016.189453125
"2219",5203.79443359375
"2220",13252.513671875
"2221",16862.10546875
"2222",2634.98364257812
"2223",6878.43212890625
"2224",2383.71533203125
"2225",15330.6708984375
"2226",7664.05078125
"2227",2243.97924804688
"2228",5202.64599609375
"2229",9857.169921875
"2230",7913.982421875
"2231",3284.72387695312
"2232",25389.203125
"2233",2970.51000976562
"2234",3789.73974609375
"2235",6129.28076171875
"2236",10493.7158203125
"2237",10353.82421875
"2238",2527.56567382812
"2239",20696.34375
"2240",7662.42724609375
"2241",3090.88134765625
"2242",4418.8857421875
"2243",4961.26611328125
"2244",17320.849609375
"2245",4746.5673828125
"2246",2183.06494140625
"2247",7012.8505859375
"2248",11292.7958984375
"2249",15851.3173828125
"2250",4863.2119140625
"2251",11560.9267578125
"2252",17359.255859375
"2253",5083.78369140625
"2254",4278.2294921875
"2255",2879.13256835938
"2256",8538.302734375
"2257",7775.16015625
"2258",6730.11376953125
"2259",2554.37451171875
"2260",2420.13598632812
"2261",5224.298828125
"2262",8670.3056640625
"2263",18456.37109375
"2264",2871.41186523438
"2265",8478.0810546875
"2266",8230.861328125
"2267",2685.63110351562
"2268",2495.89086914062
"2269",9115.5166015625
"2270",6007.5322265625
"2271",7679.33984375
"2272",3175.89111328125
"2273",5004.041015625
"2274",9346.0751953125
"2275",4637.04638671875
"2276",7555.69091796875
"2277",7756.9052734375
"2278",8344.169921875
"2279",2512.95092773438
"2280",2561.56665039062
"2281",5085.978515625
"2282",1923.65087890625
"2283",10197.416015625
"2284",10186.529296875
"2285",7451.08837890625
"2286",4249.900390625
"2287",5722.822265625
"2288",5242.15576171875
"2289",16807.896484375
"2290",16618.119140625
"2291",4626.9296875
"2292",11445.265625
"2293",6735.310546875
"2294",2913.47778320312
"2295",4888.486328125
"2296",3566.20947265625
"2297",2997.6005859375
"2298",7326.5498046875
"2299",7180.58740234375
"2300",8167.30078125
"2301",4681.53125
"2302",2796.29272460938
"2303",3568.72875976562
"2304",23349.283203125
"2305",9788.552734375
"2306",12829.890625
"2307",2242.74340820312
"2308",9732.5361328125
"2309",7611.98779296875
"2310",2822.70141601562
"2311",3627.40625
"2312",5710.1162109375
"2313",6095.4697265625
"2314",16271.396484375
"2315",3737.92749023438
"2316",4186.8330078125
"2317",4747.72021484375
"2318",2880.11108398438
"2319",17000.31640625
"2320",4782.103515625
"2321",11105.6953125
"2322",18824.392578125
"2323",4428.6708984375
"2324",11101.3134765625
"2325",14311.9169921875
"2326",9106.4208984375
"2327",6262.4228515625
"2328",2802.66284179688
"2329",3256.42553710938
"2330",14729.646484375
"2331",9473.166015625
"2332",8714.9580078125
"2333",8206.12109375
"2334",13161.3623046875
"2335",10925.0126953125
"2336",7310.03076171875
"2337",11193.4453125
"2338",10688.029296875
"2339",4560.2666015625
"2340",4786.5576171875
"2341",2518.90893554688
"2342",8019.158203125
"2343",10977.3466796875
"2344",5592.81884765625
"2345",16493.11328125
"2346",5171.59228515625
"2347",6758.53173828125
"2348",12059.9052734375
"2349",6577.61181640625
"2350",2266.3642578125
"2351",6258.60986328125
"2352",10386.462890625
"2353",4798.76171875
"2354",5014.81494140625
"2355",2294.39038085938
"2356",3545.85302734375
"2357",2360.39501953125
"2358",16338.2626953125
"2359",5902.6904296875
"2360",2611.4267578125
"2361",15858.4736328125
"2362",15319.6875
"2363",4797.9716796875
"2364",15432.2802734375
"2365",3198.36889648438
"2366",2452.328125
"2367",12231.9892578125
"2368",5776.2529296875
"2369",5596.625
"2370",19776.427734375
"2371",5910.5751953125
"2372",8597.818359375
"2373",3075.00073242188
"2374",5935.12646484375
"2375",10528.32421875
"2376",3739.68017578125
"2377",10886.5546875
"2378",11672.9833984375
"2379",8702.1923828125
"2380",11668.30078125
"2381",5059.5361328125
"2382",5074.20556640625
"2383",4118.3828125
"2384",5495.17236328125
"2385",11146.37109375
"2386",2313.24584960938
"2387",5130.25732421875
"2388",18706.478515625
"2389",6120.9462890625
"2390",5610.275390625
"2391",11480.4052734375
"2392",7622.89453125
"2393",12717.8740234375
"2394",6104.3427734375
"2395",4315.91796875
"2396",8041.8759765625
"2397",7889.2509765625
"2398",3772.177734375
"2399",10167.6171875
"2400",4223.59130859375
"2401",4967.17236328125
"2402",4168.90673828125
"2403",8841.734375
"2404",14865.951171875
"2405",4503.8798828125
"2406",13645.392578125
"2407",15714.0234375
"2408",14157.3701171875
"2409",2420.580078125
"2410",7083.12109375
"2411",15706.5615234375
"2412",11800.8544921875
"2413",3107.87670898438
"2414",13450.298828125
"2415",4969.03125
"2416",11054.01171875
"2417",24944.830078125
"2418",8775.99609375
"2419",5037.21923828125
"2420",2751.09155273438
"2421",2914.34936523438
"2422",4190.0634765625
"2423",9789.48828125
"2424",7286.01611328125
"2425",5562.54296875
"2426",13421.564453125
"2427",3020.5048828125
"2428",14086.1611328125
"2429",4911.16259765625
"2430",11006.08203125
"2431",6544.77001953125
"2432",5055.04248046875
"2433",8177.3017578125
"2434",14834.900390625
"2435",2660.83081054688
"2436",11723.9013671875
"2437",5694.86865234375
"2438",6891.064453125
"2439",8131.20703125
"2440",8758.3359375
"2441",12042.865234375
"2442",16003.7021484375
"2443",3427.041015625
"2444",4604.27783203125
"2445",6354.97705078125
"2446",3526.88354492188
"2447",5523.50537109375
"2448",2772.51879882812
"2449",7498.49853515625
"2450",11355.404296875
"2451",6199.43701171875
"2452",4455.298828125
"2453",6800.57275390625
"2454",4664.4892578125
"2455",16871.9609375
"2456",7660.3203125
"2457",4627.14208984375
"2458",2482.87817382812
"2459",5394.63671875
"2460",10065.2216796875
"2461",5469.1728515625
"2462",2409.26904296875
"2463",4624.3232421875
"2464",2166.90161132812
"2465",12199.1923828125
"2466",4723.97314453125
"2467",13664.5966796875
"2468",10154.5546875
"2469",5426.87255859375
"2470",4475.03271484375
"2471",10610.263671875
"2472",6094.09765625
"2473",2668.51293945312
"2474",8893.58984375
"2475",10180.2763671875
"2476",5724.35595703125
"2477",4169.72412109375
"2478",11663.75390625
"2479",3294.59741210938
"2480",5055.04248046875
"2481",12139.7490234375
"2482",19225.9609375
"2483",8084.4951171875
"2484",11013.04296875
"2485",3422.00830078125
"2486",3201.14501953125
"2487",16927.451171875
"2488",2877.80639648438
"2489",5383.74072265625
"2490",4971.25732421875
"2491",6466.8388671875
"2492",3925.02807617188
"2493",7432.00732421875
"2494",5377.650390625
"2495",7011.7666015625
"2496",4167.82568359375
"2497",5077.86572265625
"2498",7991.49462890625
"2499",17685.318359375
"2500",10524.3359375
"2501",7395.90478515625
"2502",14643.9052734375
"2503",6456.4228515625
"2504",8739.916015625
"2505",11571.681640625
"2506",15932.435546875
"2507",12384.498046875
"2508",16033.828125
"2509",2350.08227539062
"2510",5060.54296875
"2511",3796.9375
"2512",5839.11279296875
"2513",16984.416015625
"2514",10169.42578125
"2515",4914.37744140625
"2516",4761.85888671875
"2517",5003.07958984375
"2518",7812.919921875
"2519",18005.5625
"2520",2792.99389648438
"2521",3146.158203125
"2522",3883.58349609375
"2523",10792.0205078125
"2524",13036.125
"2525",16245.423828125
"2526",8515.7216796875
"2527",5294.61181640625
"2528",3684.63208007812
"2529",7323.0498046875
"2530",5766.009765625
"2531",11765.619140625
"2532",18187.63671875
"2533",6504.17919921875
"2534",13365.8701171875
"2535",13777.791015625
"2536",4926.23046875
"2537",14941.28125
"2538",4572.71533203125
"2539",8769.5625
"2540",4965.865234375
"2541",9499.3828125
"2542",5345.8740234375
"2543",4904.21923828125
"2544",8487.6630859375
"2545",10391.3525390625
"2546",7602.0546875
"2547",8027.60498046875
"2548",5254.763671875
"2549",10138.9775390625
"2550",10223.0849609375
"2551",8926.1982421875
"2552",6527.83544921875
"2553",10729.6025390625
"2554",5367.625
"2555",2663.39306640625
"2556",20662.46484375
"2557",4424.701171875
"2558",2558.40454101562
"2559",2701.58715820312
"2560",5350.7646484375
"2561",6433.0654296875
"2562",4842.3759765625
"2563",8278.90234375
"2564",5087.36572265625
"2565",7996.5283203125
"2566",12057.41796875
"2567",1863.2626953125
"2568",8717.0234375
"2569",2244.65991210938
"2570",18839.94140625
"2571",7958.47998046875
"2572",4719.75927734375
"2573",3732.7109375
"2574",4353.517578125
"2575",2846.64770507812
"2576",4972.70068359375
"2577",13176.71875
"2578",5135.56298828125
"2579",5273.9873046875
"2580",7590.80126953125
"2581",4528.4951171875
"2582",8825.3779296875
"2583",2375.71606445312
"2584",8582.3056640625
"2585",2676.15576171875
"2586",5117.2490234375
"2587",18918.609375
"2588",8716.34375
"2589",5842.21728515625
"2590",19435.896484375
"2591",5063.9443359375
"2592",3280.39575195312
"2593",2168.17602539062
"2594",3753.83813476562
"2595",7321.88916015625
"2596",15256.8623046875
"2597",17782.1484375
"2598",3149.59399414062
"2599",6835.67578125
"2600",9499.103515625
"2601",2640.85864257812
"2602",5984.63427734375
"2603",3330.28930664062
"2604",22836.056640625
"2605",15403.03515625
"2606",8410.3388671875
"2607",9156.51953125
"2608",16679.712890625
"2609",2354.49755859375
"2610",2987.21337890625
"2611",5375.04833984375
"2612",7113.744140625
"2613",5278.9990234375
"2614",7479.77734375
"2615",17590.16796875
"2616",19691.408203125
"2617",9165.115234375
"2618",4755.37841796875
"2619",5879.82421875
"2620",1558.42492675781
"2621",2744.6904296875
"2622",13083.96484375
"2623",2393.61010742188
"2624",3331.25756835938
"2625",10974.609375
"2626",2096.93359375
"2627",3102.49877929688
"2628",4447.1083984375
"2629",3384.39916992188
"2630",3262.32104492188
"2631",3740.13037109375
"2632",18428.232421875
"2633",8671.2841796875
"2634",2616.63745117188
"2635",5225.15185546875
"2636",3372.94873046875
"2637",6321.0625
"2638",3650.28881835938
"2639",15604.8154296875
"2640",8704.2666015625
"2641",11296.4111328125
"2642",10556.103515625
"2643",6876.8046875
"2644",2093.39965820312
"2645",19349.74609375
"2646",5391.33154296875
"2647",13514.3173828125
"2648",13002.6171875
"2649",22909.310546875
"2650",4452.8701171875
"2651",7134.2177734375
"2652",2902.36352539062
"2653",4995.81640625
"2654",6741.177734375
"2655",12717.8740234375
"2656",8795.5693359375
"2657",5187.76123046875
"2658",17877.927734375
"2659",17840.7734375
"2660",2746.318359375
"2661",8711.8193359375
"2662",4866.25634765625
"2663",5180.91455078125
"2664",11380.591796875
"2665",8912.34765625
"2666",5003.50634765625
"2667",6151.220703125
"2668",5533.83837890625
"2669",13807.7529296875
"2670",4008.79052734375
"2671",10417.662109375
"2672",4114.67138671875
"2673",3502.88427734375
"2674",9103.84765625
"2675",2730.63061523438
"2676",2537.55688476562
"2677",5397.52734375
"2678",3639.74291992188
"2679",5404.29931640625
"2680",18201.724609375
"2681",5940.939453125
"2682",2646.25952148438
"2683",15548.0927734375
"2684",18839.767578125
"2685",4153.10400390625
"2686",5338.615234375
"2687",4864.8564453125
"2688",7293.1376953125
"2689",8603.63671875
"2690",2592.64721679688
"2691",3542.47045898438
"2692",3811.90283203125
"2693",14531.0244140625
"2694",5009.17578125
"2695",6889.01806640625
"2696",8313.630859375
"2697",5716.85888671875
"2698",19154.6328125
"2699",3321.16943359375
"2700",5449.59326171875
"2701",4842.08056640625
"2702",10399.6884765625
"2703",1951.46411132812
"2704",2970.97241210938
"2705",5739.82763671875
"2706",3107.232421875
"2707",2608.60913085938
"2708",6431.814453125
"2709",2802.50854492188
"2710",5254.83935546875
"2711",9466.4443359375
"2712",9090.6103515625
"2713",11435.8359375
"2714",4341.76611328125
"2715",12666.4775390625
"2716",13413.6298828125
"2717",3030.54418945312
"2718",2986.09326171875
"2719",6310.21484375
"2720",2563.52197265625
"2721",10662.1259765625
"2722",5049.27734375
"2723",3355.22265625
"2724",3627.40625
"2725",2506.48168945312
"2726",4420.0244140625
"2727",3665.734375
"2728",2377.32373046875
"2729",7037.63671875
"2730",5542.09228515625
"2731",3483.51904296875
"2732",3731.77856445312
"2733",2736.46875
"2734",5469.51025390625
"2735",12359.1513671875
"2736",9482.033203125
"2737",21572.9375
"2738",12341.0048828125
"2739",3089.29028320312
"2740",10296.982421875
"2741",7547.3466796875
